,ID,Titre,Auteur,Date,URL,Texte,Origine,NCommentaires
0,0,FAQ for Wiki,wildAstroboy,2019/10/13,https://www.reddit.com//r/astrophysics/comments/dhfmll/faq_for_wiki/,"Hi r/astrophyics! It's time we have a FAQ in the wiki as a resource for those seeking Educational or Career advice specifically to Astrophysics and fields within it.What answers can we provide to frequently asked questions about education?What answers can we provide to frequently asked questions about careers?What other resources are useful?Helpful subreddits: r/PhysicsStudents, r/GradSchool, r/AskAcademia, r/Jobs, r/careerguidancer/Physics and their [Career and Education Advice Thread](https://www.reddit.com/r/Physics/comments/dfxr5q/careerseducation_questions_thread_week_40_2019/?utm_source=share&utm_medium=web2x)",reddit,30
1,1,Sound and Light Question I've Been Thinking About Recently,Tymo566,2023/11/11,https://www.reddit.com//r/astrophysics/comments/17sp17o/sound_and_light_question_ive_been_thinking_about/,"Forewarning: This is kind of just a long ramble and nothing is really accomplished, but I would appreciate you hearing me out. I'm asking this as a 17 year-old who's just getting into college level astronomy classes. I know I have a lot to learn, but I'm very interested. Not sure if this is just physics or more astrophysics, but I'm going to try here. I am open to any feedback.How is it that light and sound can be measured on the same scale, being frequency in Hertz?I know things like the speed of light and the speed of sound are vastly different, and I know that sound essentially doesn't travel in space due to the greater distance between particles.I think of sound sort of as the frequency at which particles are colliding, like when a car drives by. Increasing frequency as it approaches, peaks as it passes, and decreasing frequency as it drives away.Sound seems like a form of energy given off when particles collide and works in waves, yet light is an energy given of as particles collide and works in waves, but it actually can be a particle. See, in the Astronomy college class I'm taking right now, I was recently introduced to how red-shifts and blue-shifts work, at least in determining which direction a star is spinning or how stars in a binary system orbit each other. I proceeded to go on a tangent from my work and seek put specific information such as the frequencies for red and blue visible light and compare that to how sound waves move in the car analogy I mentioned before.I understand that the ""Cosmic Background"" or whatever is imaged in radio waves, having the lowest frequency. I also understand that we see things such as nebulae because of the higher density of particles compared to the space around it. Another thing I learned from this class is how infrared light can pass through the space dust and allow us to see what is on the other side of or within the dust. It seems that lower frequencies are better at passing through objects, including nebulae, and higher frequencies are better at pin-pointing a specific object or amount of energy.I understand that I'm bouncing all over the place here and I'm not really making a point, but hear me out.I have been very interested in the sections of my astronomy textbooks regarding nuclear fusion in the cores of stars and how neutrinos and positrons are created in that process. In those textbooks, they has said that neutrinos are very hard to detect because they pass through most things. Is it possible for them to have extremely long wavelengths and equally low frequencies?In my head, I've kind of made up an idea that amplitude is about how much of a difference is made in its path, assuming this path is in a wave formation. Essentially, its displacement, seeming like a margin of error for where a particle should be at a specific time. While wavelength and amplitude do not have any direct relation, amplitude and frequency do. Their link is energy. Higher energy equals higher frequencies and greater amplitudes. Neutrinos are seen as next to 0 mass and are neutral. E=mc¬≤. Represented by c in the equation, the speed of light is a constant. E is energy and m is for whatever object's mass. If either the mass or energy of any specific amount of these particles can be identified, the other can be found too. Let's wrap back around to frequencies and wavelengths.This is looking at Wikipedia. I know its not the most reliable source. ""At the surface of the Earth, the flux is about 65¬†billion (6.5√ó1010)¬†solar neutrinos, per second per square centimeter.""That flux is the ""intensity"" of a flow of neutrinos, which sounds similar to density.(6.5 x 10¬π‚Å∞ / sec) / cm¬≤Square root the whole thing to get in terms of per centimeter(6.5x10‚Åµ / sec) / cm650,000 neutrinos fit in one centimeter each second1 cm / 650,000 = 0.0000015385 cm / neutrino1.5385 x 10^-7 cm1 cm = 10000 micrometers0.0000015385 x 10000 = 0.015385 micrometers / neutrinoTell you what, I've been writing this for about 2 hours now, and it is almost 2AM where I live, so I'm pretty tired. I'm at the point where I do a ton of unnecessary math for really no reason. If anyone has any feedback or wants me to continue down the rabbit hole, let me know. I don't think I really got across any point here, but in large part, sound and light seem directly related, just differences in energy. Neutrinos seem like they have an extremely small amount of energy because of their mass, thus seeming more in the range of sound than light. I wonder if we used more of an idea of sound instead of light, it would be easier to detect them. But I'm done for now, goodnight.",reddit,6
2,2,What would happen if you could increase the mass of a proton by 1%?,ExoGeniVI,2023/11/10,https://www.reddit.com//r/astrophysics/comments/17scod7/what_would_happen_if_you_could_increase_the_mass/,,reddit,42
3,3,An odd question but wasn't sure where to turn.,alison_Waeck,2023/11/11,https://www.reddit.com//r/astrophysics/comments/17smt9p/an_odd_question_but_wasnt_sure_where_to_turn/,"[https://youtube.com/shorts/ido-CTqxH1o?si=6NPv5PuUG9rG\_MGn](https://youtube.com/shorts/ido-CTqxH1o?si=6NPv5PuUG9rG_MGn)I came across this video, cudos to the creator, but i was wondering about the physical or gravitational consequences to the planet before even the monster gets close to the moon? would there still be human alive before it devours the moon or even get close enough to Earth?just a thought experiment.thank you for your time.",reddit,1
4,4,Is faster than light travel possible and will it ever be possible,MusicZealousideal431,2023/11/10,https://www.reddit.com//r/astrophysics/comments/17rvsfi/is_faster_than_light_travel_possible_and_will_it/,I‚Äôm a Star Trek fan and I know of the the Alcubierre warp drive (which has tons of problems with it) I just wanted to know what experts think on the current concept.,reddit,68
5,5,James Webb Space Telescope reveals most distant Milky Way galaxy doppelganger,LiveScience_,2023/11/09,https://www.reddit.com//r/astrophysics/comments/17rexoz/james_webb_space_telescope_reveals_most_distant/,,reddit,0
6,6,"‚ÄúAfter recombination, most electrons were locked to protons to form neutral atoms, and the gas became highly transparent.‚Äù But, why would atoms be ‚Äúless‚Äù scattering of photons?",NewMusicSucks2,2023/11/09,https://www.reddit.com//r/astrophysics/comments/17rglnq/after_recombination_most_electrons_were_locked_to/,,reddit,4
7,7,"If space-time expansion could be mathematically subtracted from the universe, which way would various things be moving around?",NewMusicSucks2,2023/11/09,https://www.reddit.com//r/astrophysics/comments/17rjgzy/if_spacetime_expansion_could_be_mathematically/,"And, would we still have red/blue shift?",reddit,2
8,8,Do stars ever disappear from the sky?,shrekscameltoe,2023/11/08,https://www.reddit.com//r/astrophysics/comments/17qvf4n/do_stars_ever_disappear_from_the_sky/,"We see stars every night, burning all the way out there. And since stars die and light travels, my question is, do we ever notice a star go missing because it died millions of years ago? i guess im also assuming that in a stars death they stop ""shining"" .",reddit,14
9,9,Could another universe emerge during the heat death of this one?,MusicZealousideal431,2023/11/09,https://www.reddit.com//r/astrophysics/comments/17r47f0/could_another_universe_emerge_during_the_heat/,"I know the universe is supposed to end in heat death, where entropy gets to its maximum point and the universe becomes a colossal void of rouge particles. But could another universe emerge from this? It doesn‚Äôt make sense that this would be the first and last realm to ever exist.",reddit,8
10,10,Generalized Sagnac Effect,drgdawg3,2023/11/09,https://www.reddit.com//r/astrophysics/comments/17r2h2p/generalized_sagnac_effect/,Does the discovery of generalized or linear sagnac effect pose a problem for special reality's postulate that the c is the same in all reference frames? Here are two papers talking about it. https://www.google.com/url?sa=t&source=web&rct=j&opi=89978449&url=https://vixra.org/pdf/1405.0248v1.pdf&ved=2ahUKEwiw2-DB6bWCAxWXPUQIHcmEAos4ChAWegQIFBAB&usg=AOvVaw3MmakAHy2lM6C9fRBHay76,reddit,3
11,11,I have so many questions,Ok_Rip_2104,2023/11/08,https://www.reddit.com//r/astrophysics/comments/17qpglc/i_have_so_many_questions/,"I never understood how we can see the light of the early universe.  Unless the universe, for a brief time at least, were expanding faster than light, the light from the early universe should have blown past us.  How did we get this far away from the center of the universe in time to still see the light of early stars?It would make sense with curved space and the light is just making laps.  If space were curved (it doesn't need to be a uniform curve) and you looked far enough in one direction you could look at the milky way galaxy as seen billions of years ago from any direction and orientation and you wouldn't recognize it.  On that postulate, it would be very difficult to determine how many galaxies are actually in the universe and how many are visual echoes of the light flying in circles for billions of years.  Curved space would also explain why the universe is expanding in all directions from all points in space.If the universe were 4 or 5 dimensional everything would be moving in ""strange"" patterns.  Scaling could explain why the universe, at large, has different properties than your living room.  In your own living room, if you were to look at the behavior of subatomic particles, you would see odd behavior but if you WERE one of those subatomic particles and you could back out to see the living room, it would blow your mind.Also, why do stars emit light but black holes trap it?  Wouldn't the black hole have the same mass of the star... just squished?  Take a penny and squish it, it's still one penny's worth of mass, it's just denser now.  Does something new happen when you hit a certain density threshold?Thank you for attending my TED Talk. ",reddit,8
12,12,Good topic to write an Expos on?,I_Have_The_Lumbago,2023/11/08,https://www.reddit.com//r/astrophysics/comments/17qvm6q/good_topic_to_write_an_expos_on/,Hey yall! Im a Highschooler in a College english class and I am looking into writing an expos about astrophysics. Are there any topics that I should look out for?,reddit,0
13,13,What exactly is infinite,D10N_022,2023/11/08,https://www.reddit.com//r/astrophysics/comments/17qlmjq/what_exactly_is_infinite/,That has been bothering me for a while and I know that infinite is just something that never ends but is it truly only that?,reddit,34
14,14,Could dark energy be the answer to faster than light travel?,MusicZealousideal431,2023/11/09,https://www.reddit.com//r/astrophysics/comments/17r48oy/could_dark_energy_be_the_answer_to_faster_than/,"I know that warp drives are so far impossible, and that there would be a ton of issues with hawking radiation and time paradoxes. But since dark energy seems to be expanding the universe faster than light - could it be the way we go faster than light?",reddit,6
15,15,Is there a possibility that........,PRAT4U,2023/11/08,https://www.reddit.com//r/astrophysics/comments/17qqn8o/is_there_a_possibility_that/,Wormholes exist inside a black hole or A wormhole affected by no gravitational attraction of any object leads to the event horizon of a blackhole?  ,reddit,3
16,16,What would it mean for our understanding of the Universe if we discovered that the speed of light was not a constant?,BlightPaladin,2023/11/07,https://www.reddit.com//r/astrophysics/comments/17q3sr7/what_would_it_mean_for_our_understanding_of_the/,With the understanding that it would probably mean all of our observations about the universe are incorrect ... how else would this affect our understanding of the cosmos?,reddit,7
17,17,Through the Earth,_Eyelashes,2023/11/08,https://www.reddit.com//r/astrophysics/comments/17qednl/through_the_earth/,"How massive could a solid object be, to potentially pass directly through the Earth without affecting its hydrostatic equilibrium?",reddit,8
18,18,Dark Energy question from an amateur,GaeasSon,2023/11/07,https://www.reddit.com//r/astrophysics/comments/17pyq5o/dark_energy_question_from_an_amateur/,"I have a worry, and I'm rather hoping real physicists can tell me there is nothing to worry about, or that I have misunderstood something fundamental.We observe that the expansion of the universe is not linear, but is accelerating, yes?How does that observation differ from what we would see if the universe WERE expanding in a linear fashion (no dark energy), but our observational frame was descending into a gravity well?I'm not imagining that our planet or even our solar system is falling towards a black hole or something so dramatic.  We'd see tidal effects in our neighbor planets, and stellar atmosphere.   But I wonder if our solar system might be drifting deeper into the galactic gravity well, or if our whole galaxy might be dropping into a cosmic pot-hole.  Could the approach of Andromeda be affecting our observations?   ",reddit,6
19,19,(Theoretical question) whatbeould hapeen if we destroyed a black hole?,D10N_022,2023/11/07,https://www.reddit.com//r/astrophysics/comments/17pvpaa/theoretical_question_whatbeould_hapeen_if_we/,,reddit,36
20,20,If you visit close to a star and there is only one H atom per centimeter but its a million degrees C...?,NewMusicSucks2,2023/11/07,https://www.reddit.com//r/astrophysics/comments/17pz1qk/if_you_visit_close_to_a_star_and_there_is_only/,- Is that temperature possible at such low pressure?- Would it still transfer heat effectively?  Would you burn at a slower rate then if it was normal pressure?- What does the math for this look like?- How fast would these atoms be going?,reddit,2
21,21,(Theoretical question) what would happen if a black holr's singularity was sucked up by another singularity.,D10N_022,2023/11/07,https://www.reddit.com//r/astrophysics/comments/17pvpz2/theoretical_question_what_would_happen_if_a_black/,,reddit,3
22,22,I built a relativistic simulation of two neutron stars smashing into each other!,James20k,2023/11/05,https://www.reddit.com//r/astrophysics/comments/17omszd/i_built_a_relativistic_simulation_of_two_neutron/,,reddit,39
23,23,Question about time flow from an amateur.,The_fake_interfernal,2023/11/05,https://www.reddit.com//r/astrophysics/comments/17o9wef/question_about_time_flow_from_an_amateur/,"Idk if this is the correct forum. And sorry if this sounds as a bunch of stupid question but i am just a random guy with Adhd and autism who has no knowledge at all on this subject and english it not my first language wish means i dont know all these sciencewords for everything so please be patient. And no i am not on any drugs. Just a little curious.   Anyway i was going to boil some egg's the other day and was trying to distract my mind a bit while waiting for the water to boil and i got to think of a youtubevideo where they mention that ppl on the ISS age 0,007 sec slower every 6 month compare to the ppl on earth and explaned the concept behind Einstein's theory of relativity. And my mind just took me for a ride where it got me thinking of the flow of time and later took me in to a little rabbithole.   i googled some numbers and found out that Earth orbit the sun in around the sun in about 108 000km/h while Mars orbit in about 86 677 km/h. Since the ISS orbit in around 28 000km/t and that means the time moves slower with a factor of 0,007sec every 6 months and mars is moving about 22 000km/h slower in its orbit would that mean that times moves slower on mars then it does on earth? Not by much but over billions of years it would be some atleast a cuple of 1000 years?   Idk if i understood that right but just for a second assume that this is correct.  Sol-system is located kinda far out in the Orion arm in the galaxy milky way right? Thats spinns on a disk around the galaxys middle where the sun iteslf orbit around in this arm in about 828 000km/h Now as i said i am no astrophysics but i do know that the further out on a disk the faster/longer it travels.(thinking like gears on a bicycle) would that not mean that the Sun is likely to move faster in its orbit then some starts closer to the middle of the galaxy?   And would that not mean that the time moves in different phases/speed depending on the speed of witch stars gravitational force you ""follow"" compare to someone who ""follow"" a star traveling in a different velocity and that the ""avarage passing of time""  time moves different in each individual  galaxy depending on how fast a galaxy spins/travel from the point of origin?   Sooo... would that not mean that the whole universe is a different age depending on where in the universe you are? Here i got a headache and thought that this cant be right but i wanna ask someone about this so here i am \^\^   I know i know there is much ""would that not mean?"" or ""what ifs"" and so on. And i am not asking for a absolute answer. I would just like to know if this could be even remotely possible or if it got it all wrong from the start. Please just dont be a dick about it if thats the case. :) Thanks!   &#x200B;",reddit,7
24,24,"If time moves slower and slower closer to a black hole, could an accretion disk around a sufficiently fast-spinning, last effectively forever, at least to an outside observer?",HeWhoWasDead,2023/11/05,https://www.reddit.com//r/astrophysics/comments/17of9it/if_time_moves_slower_and_slower_closer_to_a_black/,"Just watched interstellar again, and im curious whether gargantua would maintain it's accretion disk, as it seems to not be pulling in any new matter.Also, if the answer is yes, could this hypothetical eternal disc power a civilisation on a planet in orbit around a black hole?Thanks for any responses.",reddit,3
25,25,"If two planets were close enough and of equal gravity, could we ‚Äújump‚Äù between them and have the gravity switch from one to the other during the jump?",edna7987,2023/11/05,https://www.reddit.com//r/astrophysics/comments/17oeagp/if_two_planets_were_close_enough_and_of_equal/,Add assumptions for having the ability to jump high enough to get greater than halfway between planets.,reddit,7
26,26,Advice for an astrophysics PhD student,SpectreMold,2023/11/05,https://www.reddit.com//r/astrophysics/comments/17o2pa7/advice_for_an_astrophysics_phd_student/," I am a third-year astrophysics PhD student on the verge of candidacy, specializing in star formation and working on observations. To provide some context, during my undergraduate studies, I engaged in purely theoretical work on pulsating variable stars, which involved extensive coding‚Äîa task I enjoyed. When applying to graduate schools, my preference was to work with a theorist; I had no interest in observational astronomy.At the institution where I am pursuing my PhD, I was unable to collaborate with a professor who focused on theoretical work due to funding limitations or a mismatch in research interests. Consequently, I joined forces with a newly hired assistant professor who specializes in observations within my desired subfield‚Äîanything related to the study of stars and planets. Despite this, my passion for observations has not developed: I am disinterested in using the campus observatory, engaging with advanced telescopes, or taking advanced observational astronomy courses. By this point, I have fulfilled my department's coursework requirements. Nevertheless, I have continued to work with my advisor because the work is tolerable‚ÄîI do not need to collect new observational data; instead, I analyze existing data using Python. Moreover, we have an excellent rapport. They offer positive reinforcement, which I value as someone who deals with anxiety and self-doubt. Their enthusiasm for their subfield is infectious, and I cannot envision working with another professor.Reflecting on my PhD journey thus far, I have resolved to pursue a career in data science or computer software after graduation, for several professional and personal reasons:* [The starting salary in the private sector is higher than that of a postdoc](https://www.aip.org/statistics/reports/new-astronomy-phds-what-comes-next-181920), as indicated by the American Institute of Physics (AIP). Financial security is a significant aspiration for me.* Data science and computer software roles account for a larger share of positions that astrophysics PhD graduates fill, according to the same AIP source.* I do not relish academic writing, grant applications, or the competitive nature of academia. However, I thoroughly enjoy coding and data interpretation.* I also desire a job that offers a better work-life balance than academia. I wish to enjoy weekends and vacations without guilt, something I find research impedes.Given this context, I have several questions:* After I pass my candidacy this month, what steps can I take from then until the end of my PhD to enhance my coding skills and prepare for a career in data science, computer software, or machine learning? Should I seek online resources, or should I enroll in a data science course at my university and persuade my advisor to support this decision?* Do many astrophysics PhD graduates working in data science or computer software do so because they initially sought academic positions but transitioned after unsuccessful attempts, or do they choose this path early in their PhDs, knowing they did not wish to remain in academia?* Considering my firm decision against pursuing a tenure-track professorship or continuing in research post-PhD, would it be more advantageous to remain in the program and concurrently develop data science skills, or should I consider leaving the program? I am apprehensive about exiting the program as I have formed significant connections during my graduate studies, and I fear that leaving might lead to difficulty in finding employment and potentially having to live with my parents, as is the case with my sibling. I would also feel guilty for leaving my advisor because they have been so nice and patient with me and I feel that I would hurt their tenure review if their first student left.",reddit,5
27,27,astrophysics and mathematics,mariebayou,2023/11/04,https://www.reddit.com//r/astrophysics/comments/17nlpps/astrophysics_and_mathematics/,"hello,18f here! I‚Äôve had a big interest in astrophysics for a few years now and found myself absorbing the material effortlessly at school but im not in good terms with mathematics.So my question is:Is there someone who is not good in maths but still successfully entered/graduated Physics University and somehow dealt with the difficult numbers and symbols?edit:Thank you so much,everyone!!! <3",reddit,8
28,28,Radiative Processes - Astronomy/Astrophysics | Doubt about the relationship between EM and density in HII regions.,aguillarcanus97,2023/11/04,https://www.reddit.com//r/astrophysics/comments/17nw7me/radiative_processes_astronomyastrophysics_doubt/,"Hello, how are you all?I have this Radiative Processes assignment in which I have the following statement. What I don't understand about it is how emission measurement EM is related to density. I can't find where to start from to get to estimate  œÑŒΩ  and  œÑb. Any help would be greatly appreciated. Thanks!  >*From a certain point of view, the Earth is in a low-density H II region formed by the ionized solar wind. The wind expands constantly at ‚àº 400 km s\^-1 (i.e., the density decreases as r\^-2 ) and in the region of the Earth's orbit, ne ‚âà 10 cm\^-3 . It estimates œÑŒΩ and œÑb at an observing frequency of 100 MHz due to the free-free absorption of this wind, at large angles to the Sun.*Again, any help would be greatly appreciated. I am having a hard time with this particular problem. ",reddit,2
29,29,Any advice for a beginner?,ZzJazzlike,2023/11/04,https://www.reddit.com//r/astrophysics/comments/17nhfwx/any_advice_for_a_beginner/,"I'm in high school and I've just become a senior, so next year there'll be olympiad exams on astrophysics as well. I have no prior knowledge about astrophysics and classes for the exam are not sure to be held, nevertheless, I would still like to self study, it'll be hard but not impossible right? As there are people who are experienced here, I'd like to ask some advice on how to start learning? Any resources or tips or anything? I'll be grateful for your replies! Thank you!!",reddit,6
30,30,State of Astrophysics as a career?,CHOCOLAAAAAAAAAAAATE,2023/11/03,https://www.reddit.com//r/astrophysics/comments/17n72bk/state_of_astrophysics_as_a_career/,"I hope this is the place to post this, but...I'm currently doing a bachelors degree in planetary geology and, though I do love it, I also absolutely love the math aspect of astrophysics.  The degree of satisfaction I get from correctly deriving the correct equation/result is beyond words.  Not saying I'm genius-level excellent at it, but I can subtle-flex say I'm quite good.  \*insert no-big-deal gif\*I spoke to my astrophysics professor about this and he recommended I switch over since Astrophysics is actually quite math heavy.  He wasn't being biased as he does work in planetary geology as well, hence why I'm in his class.Before I take the plunge, I wanted to know what the state of the field as a career was?  Is it extremely saturated with post-docs that permanent positions are near impossible?  ",reddit,10
31,31,"""Artificial gravity"", sci-fi & a stupid question",AlaskaPsychonaut,2023/11/03,https://www.reddit.com//r/astrophysics/comments/17n646y/artificial_gravity_scifi_a_stupid_question/,"I realize I've watched too much Star Trek on TV. I realize the idea of just creating gravity where it doesn't exist doesn't seem to be within the laws of physics as we know. That unfortunately puts a real kebash in the idea of terraforming, without some way to make the atmosphere stay around the planet & trap in all the heat & games nothing else really matters. So here's my question, can a magnetic field (something we know does exist & even how to create) hold in a planets atmosphere? Even if we don't have the tech, is it more in-line with the laws of physics?",reddit,12
32,32,Thought experiment: Mysteries of cosmology solved in fiction?,InfinityScientist,2023/11/03,https://www.reddit.com//r/astrophysics/comments/17n1inn/thought_experiment_mysteries_of_cosmology_solved/,Let‚Äôs say I am an astronomer in the Star Wars galaxy. I can travel anywhere in the galaxy with my FTL drive and make the journey in mere hours-days instead of millennia. In a world like this-are these questions likely solved?1.) The Hubble Tension?2.) Accurate standard candles?3.) Age of the Universe?- Redshift vs Tired Light?4.) Existence of single universe or a multiverse?,reddit,3
33,33,Am i screwed if i end my sophomore first semester with a 2.99?,lennyyyy4,2023/11/03,https://www.reddit.com//r/astrophysics/comments/17n17ow/am_i_screwed_if_i_end_my_sophomore_first_semester/,"Our first year semester is shadow graded, and last spring my grandfather passed away, and it affected me more than I thought. I also took a course over the summer, and got a B- (hes a harsh grader) and its looking like i‚Äôll end this semester with a 2.99/2.94",reddit,11
34,34,Cosmic speed limit,IDLH_91,2023/11/03,https://www.reddit.com//r/astrophysics/comments/17mmxfe/cosmic_speed_limit/,"So I know in classical physics, if two cars traveling 30 mph(each) collide into each other the sum total of their speed is 60. Correct? I'm struggling to understand how two photons(or anything without mass) traveling at or near the speed of light, collide, their sum total speed can't exceed the speed of light. Can anyone help me wrap my head around this please?",reddit,5
35,35,Quark stars,External-Grade1976,2023/11/02,https://www.reddit.com//r/astrophysics/comments/17mdzx7/quark_stars/,"I‚Äôm trying to make a Quark star in universe sandbox but I have been having trouble finding out about their mass and I was wondering if perhaps I could ask some questions about them. What is the Hypothetical mass limit for a hypotheticalQuark stars, would Quark stars be more massive than Neutron stars, how high could there surface temperature hypothetically be, and what would it look like?",reddit,0
36,36,Thoughts about black holes and the beginning of the universe,Wooden-Evidence-374,2023/11/01,https://www.reddit.com//r/astrophysics/comments/17ldd6b/thoughts_about_black_holes_and_the_beginning_of/,"Recently, a YouTuber ""Anton Petrov"", who seems to be reliable, albeit a little clickbaity, released a video titled **Ultimate Graph of the Universe Shows We Live In a Black Hole...But Do We?**What I like about Anton, is that his titles might be clickbaity, but he is honest, and NEVER jumps to conclusions. He may entertain unique and unsubstantiated claims, but he never pedals it as fact or accepted theory. Which seems to be the biggest problem with a lot of science media these days.That said, our universe existing inside a black hole honestly doesn't seem that far fetched to me. And would really be par for the course as far as the ""weirdness"" of reality. Anyway, it got me thinking, wouldn't that fit perfectly with our idea of what matter was doing during and moments after the Big Bang?It's my understanding that elements are thought to not survive being pulled into a black hole. They are reduced down to fundamental particles. So assuming there is a universe inside each black hole, wouldn't the beginning of those universes look exactly like ours? At the ""beginning"", or I guess, the other side of the black hole, there are just particles, which assuming the physics is the same, would quickly assemble into hydrogen, and the process as we know it begins. Feel free to roast me üòÇ, but unless I'm misunderstanding something, it seems at least possible.",reddit,12
37,37,Dumb question.,Opposite_Strategy_43,2023/10/31,https://www.reddit.com//r/astrophysics/comments/17kr58j/dumb_question/,How large would a donut need to be for the sheer mass of it to make the donut collapse into a black hole? (This is a joke question),reddit,14
38,38,Does the asteroid belt will become a planet in the far future?,OrenB123,2023/10/31,https://www.reddit.com//r/astrophysics/comments/17k8ywk/does_the_asteroid_belt_will_become_a_planet_in/,"And if so, could I ‚Äòdibs‚Äô the right to name it?",reddit,12
39,39,Question: Big Bang & Speed of Light,JakeHawke,2023/10/30,https://www.reddit.com//r/astrophysics/comments/17k52dl/question_big_bang_speed_of_light/,"If the universe pre-Big Bang was all in one spot, then it would presumably have been the utimate black hole due to all existing mass being together.This being the case, how did the Big Bang eject everything outwards into the universe? Wouldn't all the matter have needed to exceed the speed of light to escape the primordial black hole?&#x200B;",reddit,10
40,40,Help: Looking for a present for phd student in astrophysics.,Roaming_GyPSy,2023/10/30,https://www.reddit.com//r/astrophysics/comments/17jyf8b/help_looking_for_a_present_for_phd_student_in/,"I would like to gift some (wall) decoration, print etc to a phd student of astrophysics moving into a new apartment - but have no idea where to start.Could you help me out with some ideas beyond StarWars? Thank you very much!",reddit,8
41,41,CMB Blackbody Radiation Joules Calculation,MathematicianDeep214,2023/10/29,https://www.reddit.com//r/astrophysics/comments/17j1qkt/cmb_blackbody_radiation_joules_calculation/,"Hello everyone,I'm currently drafting a paper on the energy content of our universe. I've hit a snag in my calculations. While I'm getting results in units of W/m\^2, I really need them in Joules. I've determined the temperature of the CMB using redshift z and then applied the Stefan-Boltzmann law, resulting in E=œÉT\^4. Given that T is in Kelvin and œÉ is in W/m\^2K\^4, it naturally yields W/m\^2. My aim is to find the energy for a certain volume of the CMB, say m\^3. Multiplying Energy Density by this volume gives me W/m. Now, I've come across mentions of converting blackbody radiation to Joules using a factor of 4/c, but I'm struggling to find a solid source on this. Does anyone know how this works and could point me to some reliable sources?Thanks for reading",reddit,4
42,42,Stardust,1Z2O3R4O5A6R7K8,2023/10/28,https://www.reddit.com//r/astrophysics/comments/17ijfqm/stardust/,"Aproximatly how many stars has our matter been part off, or just some statistical approximation for matter in general?",reddit,6
43,43,Do you use any QFT in your work? What do you research?,just_arandomrussian,2023/10/28,https://www.reddit.com//r/astrophysics/comments/17i9gqo/do_you_use_any_qft_in_your_work_what_do_you/,,reddit,7
44,44,Galaxy morphology Datasets,Nervous-Scarcity9976,2023/10/28,https://www.reddit.com//r/astrophysics/comments/17igrez/galaxy_morphology_datasets/,"Hi guys, I'm looking at building a CNN using pytorch to automate the classification of galaxies, does anyone know of any good image datasets that are available? I've got the Galaxy10 DECals dataset that uses the galaxy zoo data and corresponding image from DESI legacy. Are there any others out there people would recommend more?",reddit,0
45,45,Would it be possible for a solar system to form from rogue planets?,artbyaella,2023/10/28,https://www.reddit.com//r/astrophysics/comments/17i2xzv/would_it_be_possible_for_a_solar_system_to_form/,"I know the likelihood is incredibly low, and that most solar systems form from the protoplanetary disk, but like...technically would this be possible? (Context: I am writing a fictional book but I don't want to include physics that is actually impossible.)",reddit,10
46,46,Would we recognize emission spectra of super heavy elements?,FuckMyCanuck,2023/10/28,https://www.reddit.com//r/astrophysics/comments/17i3nkb/would_we_recognize_emission_spectra_of_super/,"Observed due to SNRs, stars etc ‚Äî from E114-118 and also hypothetical nuclei up to Z=130+, do we have reason to believe we understand what the emission spectra would look like?  Would we recognize it?",reddit,3
47,47,Thought experiment on motion,chesterriley,2023/10/27,https://www.reddit.com//r/astrophysics/comments/17hxbxv/thought_experiment_on_motion/,"There is star A and star B.  Spaceship S is just outside A's heliosphere, moving to B, and has already accelerated to 99% of light speed.  For S the distance to B is length contracted relative to the maximum relative distance, because of its speed.  Since the people on S know that B is not and cannot move towards them at 99% of light speed, won't the length contraction between stars A and B for S be evidence of absolute motion for S and not just relative motion?Also, isn't the previous acceleration of S without deceleration in itself evidence that S is in absolute motion?More generally:(1) wouldn't length contraction relative to the maximum relative distance to an object O in direction D, be evidence of your absolute motion in direction D and not just relative motion, if we know that O cannot or is not moving fast enough towards you to explain the length contraction?(2) Isn't acceleration of an object in itself evidence of absolute motion?  If your object is the only object in the universe, and you accelerate, you wouldn't have relative motion but you would have absolute motion right?",reddit,14
48,48,"New UChicago, Field Museum study finds lunar crystals formed at least 4.46 billion years ago",swinterroth,2023/10/27,https://www.reddit.com//r/astrophysics/comments/17hpx70/new_uchicago_field_museum_study_finds_lunar/,,reddit,0
49,49,Largest-ever computer simulation of the universe escalates cosmology dilemma,spacedotc0m,2023/10/26,https://www.reddit.com//r/astrophysics/comments/17gwom7/largestever_computer_simulation_of_the_universe/,,reddit,10
50,50,Simple scaling laws for astrophysical jets,"M. Huarte-Espinosa, S. Mendoza",2006/07/15,"[{'@href': 'http://arxiv.org/abs/astro-ph/0607350v1', '@rel': 'alternate', '@type': 'text/html'}, {'@title': 'pdf', '@href': 'http://arxiv.org/pdf/astro-ph/0607350v1', '@rel': 'related', '@type': 'application/pdf'}]","The idea of a unified model for all astrophysical jets has been consideredfor quite some time. We present here a few scaling laws relevant to all type ofastrophysical jets, analogous to those of \citet{sams96} which are widely usedfor astrophysical black holes. We use Buckingham's $ \Pi $ theorem ofdimensional analysis to obtain a family of dimensional relations among thephysical quantities associated to astrophysical jets.",arxiv,
51,51,Cosmic Accelerators,Jonathan Arons,2009/03/27,"[{'@href': 'http://arxiv.org/abs/0903.4884v1', '@rel': 'alternate', '@type': 'text/html'}, {'@title': 'pdf', '@href': 'http://arxiv.org/pdf/0903.4884v1', '@rel': 'related', '@type': 'application/pdf'}]","I discuss the scientific rationale and opportunities in the study of highenergy particle accelerators away from the Earth; mostly, those outside theSolar System. I also briefly outline the features to be desired in telescopesused to probe accelerators studied by remote sensing.",arxiv,
52,52,Prediction of nuclear reaction rates for astrophysics,T. Rauscher,2000/07/28,"[{'@href': 'http://arxiv.org/abs/nucl-th/0007070v1', '@rel': 'alternate', '@type': 'text/html'}, {'@title': 'pdf', '@href': 'http://arxiv.org/pdf/nucl-th/0007070v1', '@rel': 'related', '@type': 'application/pdf'}]","This is an overview over the prediction of astrophysical reaction rates inthe statistical model, with special emphasis on the parametrization of opticalalpha+nucleus potentials.",arxiv,
53,53,Nuclear Astrophysics: CIPANP 2006,W. C. Haxton,2006/09/03,"[{'@title': 'doi', '@href': 'http://dx.doi.org/10.1063/1.2402595', '@rel': 'related'}, {'@href': 'http://arxiv.org/abs/nucl-th/0609006v1', '@rel': 'alternate', '@type': 'text/html'}, {'@title': 'pdf', '@href': 'http://arxiv.org/pdf/nucl-th/0609006v1', '@rel': 'related', '@type': 'application/pdf'}]","I review progress that has been made in nuclear astrophysics over the pastfew years and summarize some of the questions that remain. Topics selectedinclude solar neutrinos, supernovae (the explosion and associatednucleosynthesis), laboratory astrophysics, and neutron star structure.",arxiv,
54,54,The Role of Radioactivities in Astrophysics,Donald Clayton,2010/09/08,"[{'@title': 'doi', '@href': 'http://dx.doi.org/10.1007/978-3-642-12698-7_2', '@rel': 'related'}, {'@href': 'http://arxiv.org/abs/1009.1542v1', '@rel': 'alternate', '@type': 'text/html'}, {'@title': 'pdf', '@href': 'http://arxiv.org/pdf/1009.1542v1', '@rel': 'related', '@type': 'application/pdf'}]",I present both a history of radioactivity in astrophysics and an introductionto the major applications of radioactive abundances to astronomy.,arxiv,
55,55,The Source of Turbulence in Astrophysical Disks: An Ill-posed Problem.,Denis Richard,2007/04/02,"[{'@href': 'http://arxiv.org/abs/0704.0281v1', '@rel': 'alternate', '@type': 'text/html'}, {'@title': 'pdf', '@href': 'http://arxiv.org/pdf/0704.0281v1', '@rel': 'related', '@type': 'application/pdf'}]",An critical overview of the current state of research in turbulence inastrophysical disks.,arxiv,
56,56,Summary Talk: Challenges in Particle Astrophysics,Hinrich Meyer,2007/05/21,"[{'@href': 'http://arxiv.org/abs/0705.2972v1', '@rel': 'alternate', '@type': 'text/html'}, {'@title': 'pdf', '@href': 'http://arxiv.org/pdf/0705.2972v1', '@rel': 'related', '@type': 'application/pdf'}]","A summary of the session on Particle Astrophysics at the Rencontre deVietnam, 2006.",arxiv,
57,57,VHE astrophysics: recent developments,"Massimo Persic, Alessandro De Angelis",2007/06/12,"[{'@href': 'http://arxiv.org/abs/0706.1767v1', '@rel': 'alternate', '@type': 'text/html'}, {'@title': 'pdf', '@href': 'http://arxiv.org/pdf/0706.1767v1', '@rel': 'related', '@type': 'application/pdf'}]","We review the current status, and some open issues, of VHE astrophysics.",arxiv,
58,58,CosPA2013: Outlook,Francis Halzen,2014/02/28,"[{'@href': 'http://arxiv.org/abs/1402.7302v1', '@rel': 'alternate', '@type': 'text/html'}, {'@title': 'pdf', '@href': 'http://arxiv.org/pdf/1402.7302v1', '@rel': 'related', '@type': 'application/pdf'}]",Outlook talk presented at the 10th International Symposium on Cosmology andParticle Astrophysics (CosPA2013),arxiv,
59,59,"Summary of Parallel Session: ""Relativistic and Particle Astrophysics""",Jakub Ripa,2017/01/21,"[{'@title': 'doi', '@href': 'http://dx.doi.org/10.1142/9789813203952_0037', '@rel': 'related'}, {'@href': 'http://arxiv.org/abs/1701.06059v1', '@rel': 'alternate', '@type': 'text/html'}, {'@title': 'pdf', '@href': 'http://arxiv.org/pdf/1701.06059v1', '@rel': 'related', '@type': 'application/pdf'}]","The parallel session on ""Relativistic and Particle Astrophysics"" was held on14th December 2015. Here a short summary of each presentation of this parallelsession is given.",arxiv,
60,60,Hydrodynamical scaling laws for astrophysical jets,"M. Huarte Espinosa, S. Mendoza",2005/03/16,"[{'@href': 'http://arxiv.org/abs/astro-ph/0503336v1', '@rel': 'alternate', '@type': 'text/html'}, {'@title': 'pdf', '@href': 'http://arxiv.org/pdf/astro-ph/0503336v1', '@rel': 'related', '@type': 'application/pdf'}]","The idea of a unified model for all astrophysical jets has been consideredfor some time now. We present here some hydrodynamical scaling laws relevantfor all type of astrophysical jets, analogous to those of Sams et al. (1996).We use Buckingham's Pi theorem of dimensional analysis to obtain a family ofdimensional relations among the physical quantities associated with the jets.",arxiv,
61,61,Laboratory Astrophysics and the State of Astronomy and Astrophysics,"AAS WGLA, :, Nancy Brickhouse, John Cowan, Paul Drake, Steven Federman, Gary Ferland, Adam Frank, Wick Haxton, Eric Herbst, Keith Olive, Farid Salama, Daniel Wolf Savin, Lucy Ziurys",2009/03/13,"[{'@href': 'http://arxiv.org/abs/0903.2469v1', '@rel': 'alternate', '@type': 'text/html'}, {'@title': 'pdf', '@href': 'http://arxiv.org/pdf/0903.2469v1', '@rel': 'related', '@type': 'application/pdf'}]","Laboratory astrophysics and complementary theoretical calculations are thefoundations of astronomy and astrophysics and will remain so into theforeseeable future. The impact of laboratory astrophysics ranges from thescientific conception stage for ground-based, airborne, and space-basedobservatories, all the way through to the scientific return of these projectsand missions. It is our understanding of the under-lying physical processes andthe measurements of critical physical parameters that allows us to addressfundamental questions in astronomy and astrophysics. In this regard, laboratoryastrophysics is much like detector and instrument development at NASA, NSF, andDOE. These efforts are necessary for the success of astronomical research beingfunded by the agencies. Without concomitant efforts in all three directions(observational facilities, detector/instrument development, and laboratoryastrophysics) the future progress of astronomy and astrophysics is imperiled.In addition, new developments in experimental technologies have allowedlaboratory studies to take on a new role as some questions which previouslycould only be studied theoretically can now be addressed directly in the lab.With this in mind we, the members of the AAS Working Group on LaboratoryAstrophysics, have prepared this State of the Profession Position Paper on thelaboratory astrophysics infrastructure needed to ensure the advancement ofastronomy and astrophysics in the next decade.",arxiv,
62,62,Careers in astronomy in Germany and the UK,"J. Fohlmeister, Ch. Helling",2014/04/09,"[{'@title': 'doi', '@href': 'http://dx.doi.org/10.1093/astrogeo/atu080', '@rel': 'related'}, {'@href': 'http://arxiv.org/abs/1404.2610v1', '@rel': 'alternate', '@type': 'text/html'}, {'@title': 'pdf', '@href': 'http://arxiv.org/pdf/1404.2610v1', '@rel': 'related', '@type': 'application/pdf'}]","We discuss the outcomes of surveys addressing the career situation ofastronomers in Germany and the UK, finding social and cultural differencesbetween communities as well as gender bias in both.",arxiv,
63,63,Astrophysics Conducted by the Lunar University Network for Astrophysics  Research (LUNAR) and the Center for Lunar Origins (CLOE),"Jack O. Burns, T. Joseph W. Lazio, William Bottke",2012/09/11,"[{'@href': 'http://arxiv.org/abs/1209.2233v1', '@rel': 'alternate', '@type': 'text/html'}, {'@title': 'pdf', '@href': 'http://arxiv.org/pdf/1209.2233v1', '@rel': 'related', '@type': 'application/pdf'}]","[Abridged] The Moon is a unique platform from and on which to conductastrophysical measurements. The Lunar University Network for AstrophysicsResearch (LUNAR) and the Center for Lunar Origins and Evolution (CLOE) teamswithin the NASA Lunar Science Institute (NLSI) are illustrating how the Mooncan be used as a platform to advance important goals in astrophysics. Ofrelevance to Astrophysics and aligned with NASA strategic goals, all three ofthe primary research themes articulated by New Worlds, New Horizons inAstronomy & Astrophysics are being addressed by LUNAR and CLOE, namely ProbingCosmic Dawn, Understanding New Worlds, and Physics of the Universe",arxiv,
64,64,Roles and Needs of Laboratory Astrophysics in NASA's Space and Earth  Science Mission,"Nancy Brickhouse, John Cowan, Paul Drake, Steven Federman, Gary Ferland, Adam Frank, Wick Haxton, Eric Herbst, Keith Olive, Farid Salama, Daniel Wolf Savin, Lucy Ziurys",2009/03/26,"[{'@href': 'http://arxiv.org/abs/0903.4592v1', '@rel': 'alternate', '@type': 'text/html'}, {'@title': 'pdf', '@href': 'http://arxiv.org/pdf/0903.4592v1', '@rel': 'related', '@type': 'application/pdf'}]","Laboratory astrophysics and complementary theoretical calculations are thefoundations of astronomy and astrophysics and will remain so into theforeseeable future. The mission enabling impact of laboratory astrophysicsranges from the scientific conception stage for airborne and space-basedobservatories, all the way through to the scientific return of these missions.It is our understanding of the under-lying physical processes and themeasurements of critical physical parameters that allows us to addressfundamental questions in astronomy and astrophysics. In this regard, laboratoryastrophysics is much like detector and instrument development at NASA. Theseefforts are necessary for the success of astronomical research being funded byNASA. Without concomitant efforts in all three directions (observationalfacilities, detector/instrument development, and laboratory astrophysics) thefuture progress of astronomy and astrophysics is imperiled. In addition, newdevelopments in experimental technologies have allowed laboratory studies totake on a new role as some questions which previously could only be studiedtheoretically can now be addressed directly in the lab. With this in mind we,the members of the AAS Working Group on Laboratory Astrophysics (WGLA), haveprepared this White Paper on the laboratory astrophysics infrastructure neededto maximize the scientific return from NASA's space and Earth sciences program.",arxiv,
65,65,"Proceedings ""Neutrino Astrophysics""","M. Altmann, W. Hillebrandt, H. -T. Janka, G. Raffelt",1998/01/30,"[{'@href': 'http://arxiv.org/abs/astro-ph/9801320v1', '@rel': 'alternate', '@type': 'text/html'}, {'@title': 'pdf', '@href': 'http://arxiv.org/pdf/astro-ph/9801320v1', '@rel': 'related', '@type': 'application/pdf'}]","Collection of ""Extended Abstracts"" of talks presented at the SFB-375 workshopNEUTRINO ASTROPHYSICS, Ringberg Castle, Tegernsee, Germany, 20-24 Oct. 1997.Topics include Solar Neutrinos, Supernovae, Gamma-Ray Bursts, High-EnergyNeutrinos (atmospheric, astrophysical), Cosmology, and Future Prospects. Thefocus is on astrophysical and experimental/observational aspects ofastrophysical neutrinos while particle theory and neutrino laboratoryexperiments are not covered.",arxiv,
66,66,Recent Astrophysics Results from ORELA and Possible Future Experiments  at ORELA and SNS,P. E. Koehler,2002/10/17,"[{'@title': 'doi', '@href': 'http://dx.doi.org/10.1142/9789812776242_0004', '@rel': 'related'}, {'@href': 'http://arxiv.org/abs/astro-ph/0210387v1', '@rel': 'alternate', '@type': 'text/html'}, {'@title': 'pdf', '@href': 'http://arxiv.org/pdf/astro-ph/0210387v1', '@rel': 'related', '@type': 'application/pdf'}]","I present some recent results from experiments at the Oak Ridge ElectronLinear Accelerator (ORELA) and discuss their impact in nuclear astrophysics. Ithen describe some possible future nuclear astrophysics experiments at ORELAand at the Spallation Neutron Source (SNS) being built in Oak Ridge. The SNSand ORELA are complementary, world-class facilities and both will be needed forimportant future experiments in nuclear astrophysics.",arxiv,
67,67,Laboratory Investigations into the Extreme Universe,Pisin Chen,2003/03/15,"[{'@href': 'http://arxiv.org/abs/astro-ph/0303350v1', '@rel': 'alternate', '@type': 'text/html'}, {'@title': 'pdf', '@href': 'http://arxiv.org/pdf/astro-ph/0303350v1', '@rel': 'related', '@type': 'application/pdf'}]","Recent years have seen tremendous progress in our understanding of theextreme universe, which in turn points to even deeper questions to be furtheraddressed. History has shown that the symbiosis between direct observations andlaboratory investigations is instrumental in the progress of astrophysics.Current frontier astrophysical phenomena related to particle astrophysics andcosmology typically involve one or more of the following conditions: (1)extremely high energy events;(2) very high density, high temperature processes;(3) super strong field environments. Laboratory experiments using highintensity lasers and particle beams can calibrate astrophysical observation ordetection processes, investigate the underlying dynamics of astrophysicalphenomena, and probe fundamental physics in extreme limits. We give examples ofpossible laboratory experiments that investigate into the extreme universe.",arxiv,
68,68,Scientific Productivity with X-ray All-Sky Monitors,"Ronald A. Remillard, Alan M. Levine, Jeffrey E. McClintock",2009/03/18,"[{'@href': 'http://arxiv.org/abs/0903.3195v1', '@rel': 'alternate', '@type': 'text/html'}, {'@title': 'pdf', '@href': 'http://arxiv.org/pdf/0903.3195v1', '@rel': 'related', '@type': 'application/pdf'}]","We outline scientific objectives for monitoring X-ray sources and transientswith wide-angle, coded mask cameras. It is now possible to instantaneously viewhalf of the sky over long time intervals, gaining access to events ofextraordinary interest. Solid state detectors can raise the quality of dataproducts for bright sources to levels associated with pointed instruments.There are diverse ways to advance high energy astrophysics and quantitativeapplications for general relativity.",arxiv,
69,69,Open issues in neutrino astrophysics,Cristina Volpe,2013/03/07,"[{'@title': 'doi', '@href': 'http://dx.doi.org/10.1002/andp.201300064', '@rel': 'related'}, {'@href': 'http://arxiv.org/abs/1303.1681v2', '@rel': 'alternate', '@type': 'text/html'}, {'@title': 'pdf', '@href': 'http://arxiv.org/pdf/1303.1681v2', '@rel': 'related', '@type': 'application/pdf'}]","Neutrinos of astrophysical origin are messengers produced in stars, inexplosive phenomena like core-collapse supernovae, in the accretion disksaround black holes, or in the Earth's atmosphere. Their fluxes and spectraencode information on the environments that produce them. Such fluxes aremodified in characteristic ways when neutrinos traverse a medium. Here ourcurrent understanding of neutrino flavour conversion in media is summarized.The importance of this domain for astrophysical observations is emphasized.Examples are given of the fundamental properties that astrophysical neutrinoshave uncovered, or might reveal in the future.",arxiv,
70,70,New astrophysical limit on neutrino millicharge,"Alexander I. Studenikin, Ilya V. Tokarev",2014/11/09,"[{'@href': 'http://arxiv.org/abs/1411.7962v1', '@rel': 'alternate', '@type': 'text/html'}, {'@title': 'pdf', '@href': 'http://arxiv.org/pdf/1411.7962v1', '@rel': 'related', '@type': 'application/pdf'}]",An impact of a nonzero neutrino millicharge in astrophysics is tested. It isshown that in astrophysical environments electromagnetic interactions of theneutrino millicharge with strong electromagnetic fields as well as weakinteractions of the neutrinos with dense background matter can produce newphenomena accessible for astrophysical observations. On this basis a new limiton the neutrino millicharge $q_0<1.3\times10^{-19}e_0$ is obtained. This limitis among the strongest astrophysical constraint on the neutrino millicharge.Some other possible applications of the obtained results to astrophysics arediscussed in details.,arxiv,
71,71,Trends in Nuclear Astrophysics,Hendrik Schatz,2016/06/01,"[{'@title': 'doi', '@href': 'http://dx.doi.org/10.1088/0954-3899/43/6/064001', '@rel': 'related'}, {'@href': 'http://arxiv.org/abs/1606.00485v1', '@rel': 'alternate', '@type': 'text/html'}, {'@title': 'pdf', '@href': 'http://arxiv.org/pdf/1606.00485v1', '@rel': 'related', '@type': 'application/pdf'}]","Nuclear Astrophysics is a vibrant field at the intersection of nuclearphysics and astrophysics that encompasses research in nuclear physics,astrophysics, astronomy, and computational science. This paper is not a review.It is intended to provide an incomplete personal perspective on current trendsin nuclear astrophysics and the specific role of nuclear physics in this field.",arxiv,
72,72,Radiation processes and models,Julien Malzac,2018/04/10,"[{'@href': 'http://arxiv.org/abs/1804.03451v1', '@rel': 'alternate', '@type': 'text/html'}, {'@title': 'pdf', '@href': 'http://arxiv.org/pdf/1804.03451v1', '@rel': 'related', '@type': 'application/pdf'}]","This is a basic introduction to the physics of compact objects in the contextof High Time Resolution Astrophysics (HTRA). The main mechanisms of energyrelease and the properties of relevant radiation processes are brieflyreviewed. As a specific example, the top models for the multi-wavelengthvariability of accreting black holes are unveiled.",arxiv,
73,73,Remarks about the thermodynamics of astrophysical systems in mutual  interaction and related notions,L. Velazquez,2016/02/23,"[{'@title': 'doi', '@href': 'http://dx.doi.org/10.1088/1742-5468/2016/03/033105', '@rel': 'related'}, {'@href': 'http://arxiv.org/abs/1603.00044v1', '@rel': 'alternate', '@type': 'text/html'}, {'@title': 'pdf', '@href': 'http://arxiv.org/pdf/1603.00044v1', '@rel': 'related', '@type': 'application/pdf'}]","General aspects about the thermodynamics of astrophysical systems arediscussed, overall, those concerning to astrophysical systems in mutualinteraction (or the called \emph{open astrophysical systems}). A specialinterest is devoted along the paper to clarify several misconceptions that arestill common in the recent literature, such as the direct application to theastrophysical scenario of notions and theoretical frameworks that wereoriginally conceived to deal with extensive systems of the everyday practice(large systems with short-range interactions).",arxiv,
74,74,Physics near a black-hole horizon,Jean-Pierre Lasota,2001/10/09,"[{'@href': 'http://arxiv.org/abs/astro-ph/0110212v1', '@rel': 'alternate', '@type': 'text/html'}, {'@title': 'pdf', '@href': 'http://arxiv.org/pdf/astro-ph/0110212v1', '@rel': 'related', '@type': 'application/pdf'}]",I discuss several general-relativistic effects that are likely to be ofinterest in the astrophysics of black holes and neutron stars,arxiv,
75,75,Identification of Relativistic Effects in X-Ray Astrophysical Source,Costantino Sigismondi,2005/01/17,"[{'@href': 'http://arxiv.org/abs/astro-ph/0501340v1', '@rel': 'alternate', '@type': 'text/html'}, {'@title': 'pdf', '@href': 'http://arxiv.org/pdf/astro-ph/0501340v1', '@rel': 'related', '@type': 'application/pdf'}]","Precise knowledge of the features of several X-ray sources from compactbinary sources to galactic nuclei is gradually unveiling the physicalparameters of relativistic neutron stars and black holes therein. Recentdevelopments in theory, astrophysical models and experiments are reviewed.",arxiv,
76,76,Primeval galaxies,Daniel Schaerer,2007/06/01,"[{'@href': 'http://arxiv.org/abs/0706.0139v1', '@rel': 'alternate', '@type': 'text/html'}, {'@title': 'pdf', '@href': 'http://arxiv.org/pdf/0706.0139v1', '@rel': 'related', '@type': 'application/pdf'}]","1) Introduction  2) PopIII stars and galaxies: a ""top-down"" theoretical approach  3) Lyman-alpha physics and astrophysics  4) Distant/primeval galaxies: observations and main results",arxiv,
77,77,Lecture notes on high energy cosmic rays,M. Kachelriess,2008/01/29,"[{'@href': 'http://arxiv.org/abs/0801.4376v1', '@rel': 'alternate', '@type': 'text/html'}, {'@title': 'pdf', '@href': 'http://arxiv.org/pdf/0801.4376v1', '@rel': 'related', '@type': 'application/pdf'}]","I give a concise introduction into high energy cosmic ray physics, includingalso few related aspects of high energy gamma-ray and neutrino astrophysics.The main emphasis is placed on astrophysical questions, and the level of thepresentation is kept basic.",arxiv,
78,78,Problems in High Energy Astrophysics,Paolo Lipari,2008/08/04,"[{'@href': 'http://arxiv.org/abs/0808.0417v1', '@rel': 'alternate', '@type': 'text/html'}, {'@title': 'pdf', '@href': 'http://arxiv.org/pdf/0808.0417v1', '@rel': 'related', '@type': 'application/pdf'}]","This contribution discusses some of the main problems in high energyastrophysics, and the perspectives to solve them using different types of""messengers"": cosmic rays, photons and neutrinos",arxiv,
79,79,Neutrino Astrophysics,W. C. Haxton,2008/08/05,"[{'@href': 'http://arxiv.org/abs/0808.0735v1', '@rel': 'alternate', '@type': 'text/html'}, {'@title': 'pdf', '@href': 'http://arxiv.org/pdf/0808.0735v1', '@rel': 'related', '@type': 'application/pdf'}]","I review the current status of neutrino astrophysics, including solarneutrinos; atmospheric neutrinos; neutrino mass and oscillations; supernovaneutrinos; neutrino nucleosynthesis (Big Bang nucleosynthesis, the neutrinoprocess, the r-process); neutrino cooling and red giants; and high energyneutrino astronomy.",arxiv,
80,80,"Reply to Comment [arXiv:0809.2310] on Universal Charge-Radius Relation  for Subatomic and Astrophysical Compact Objects [arXiv:0804.2140, PRL100  (2008) 151102]",Jes Madsen,2008/10/14,"[{'@href': 'http://arxiv.org/abs/0810.2436v1', '@rel': 'alternate', '@type': 'text/html'}, {'@title': 'pdf', '@href': 'http://arxiv.org/pdf/0810.2436v1', '@rel': 'related', '@type': 'application/pdf'}]","A reply to arXiv:0809.2310, ""Comment on Universal Charge-Radius Relation forSubatomic and Astrophysical Compact Objects""[arXiv:0804.2140,PRL100(2008)151102]",arxiv,
81,81,Astrophysics: Most distant cosmic blast seen,Bing Zhang,2009/11/01,"[{'@title': 'doi', '@href': 'http://dx.doi.org/10.1038/4611221a', '@rel': 'related'}, {'@href': 'http://arxiv.org/abs/0911.0202v1', '@rel': 'alternate', '@type': 'text/html'}, {'@title': 'pdf', '@href': 'http://arxiv.org/pdf/0911.0202v1', '@rel': 'related', '@type': 'application/pdf'}]",The most distant -ray burst yet sighted is the earliest astronomical objectever observed in cosmic history. This ancient beacon offers a glimpse of thelittle-known cosmic dark ages.,arxiv,
82,82,Statistical studies of Galactic open clusters I. Structural and basic  astrophysical parameters,"L. Bukowiecki, G. Maciejewski, P. Konorski, A. Strobel",2010/12/07,"[{'@href': 'http://arxiv.org/abs/1012.1627v2', '@rel': 'alternate', '@type': 'text/html'}, {'@title': 'pdf', '@href': 'http://arxiv.org/pdf/1012.1627v2', '@rel': 'related', '@type': 'application/pdf'}]",This paper has been withdrawn by the author because has been send to otherjournal.,arxiv,
83,83,Satio Hayakawa and dawn of high-energy astrophysics in Japan,J. Nishimura,2015/02/15,"[{'@href': 'http://arxiv.org/abs/1502.04294v3', '@rel': 'alternate', '@type': 'text/html'}, {'@title': 'pdf', '@href': 'http://arxiv.org/pdf/1502.04294v3', '@rel': 'related', '@type': 'application/pdf'}]",Pioneering works and stimulation by S. Hayakawa for the development ofhigh-energy astrophysics in Japan.,arxiv,
84,84,SDSS-DR12 Bulk Stellar Spectral Classification: Artificial Neural  Networks Approach,"S. Kheirdastan, M. Bazarghan",2016/09/11,"[{'@title': 'doi', '@href': 'http://dx.doi.org/10.1007/s10509-016-2880-3', '@rel': 'related'}, {'@href': 'http://arxiv.org/abs/1609.03147v1', '@rel': 'alternate', '@type': 'text/html'}, {'@title': 'pdf', '@href': 'http://arxiv.org/pdf/1609.03147v1', '@rel': 'related', '@type': 'application/pdf'}]","This paper explores the application of Probabilistic Neural Network (PNN),Support Vector Machine (SVM) and Kmeans clustering as tools for automatedclassification of massive stellar spectra.",arxiv,
85,85,Superluminous supernovae: an explosive decade,Matt Nicholl,2021/09/17,"[{'@title': 'doi', '@href': 'http://dx.doi.org/10.1093/astrogeo/atab092', '@rel': 'related'}, {'@href': 'http://arxiv.org/abs/2109.08697v1', '@rel': 'alternate', '@type': 'text/html'}, {'@title': 'pdf', '@href': 'http://arxiv.org/pdf/2109.08697v1', '@rel': 'related', '@type': 'application/pdf'}]","I review our current understanding of superluminous supernovae, mysteriousevents 100 times brighter than conventional stellar explosions.",arxiv,
86,86,AXAF in Context: A Revolution,Martin Elvis,1997/12/08,"[{'@href': 'http://arxiv.org/abs/astro-ph/9712117v1', '@rel': 'alternate', '@type': 'text/html'}, {'@title': 'pdf', '@href': 'http://arxiv.org/pdf/astro-ph/9712117v1', '@rel': 'related', '@type': 'application/pdf'}]","The unique power of AXAF (NASA's Advanced X-ray Astrophysics Facility) - duefor launch in late 1988 - make it both the culmination of 20 years of X-rayastronomy, and a new starting point for X-ray astrophysics. This short papertries to show just how revolutionary AXAF is.",arxiv,
87,87,Effective geometry in Astrophysics,Santiago E. Perez Bergliaffa,2004/01/27,"[{'@title': 'doi', '@href': 'http://dx.doi.org/10.1142/S0218271804005705', '@rel': 'related'}, {'@href': 'http://arxiv.org/abs/astro-ph/0401577v1', '@rel': 'alternate', '@type': 'text/html'}, {'@title': 'pdf', '@href': 'http://arxiv.org/pdf/astro-ph/0401577v1', '@rel': 'related', '@type': 'application/pdf'}]","The effective metric is introduced by means of two examples (non-linearelectromagnetism and hydrodynamics),along with applications in Astrophysics. Asketch of the generality of the effect is also given.",arxiv,
88,88,Astrophysical Quark Matter,R. X. Xu,2004/07/04,"[{'@title': 'doi', '@href': 'http://dx.doi.org/10.1088/1009-9271/5/S1/353', '@rel': 'related'}, {'@href': 'http://arxiv.org/abs/astro-ph/0407074v1', '@rel': 'alternate', '@type': 'text/html'}, {'@title': 'pdf', '@href': 'http://arxiv.org/pdf/astro-ph/0407074v1', '@rel': 'related', '@type': 'application/pdf'}]","The quark matter may have great implications in astrophysical studies, whichcould appear in the early Universe, in compact stars, and/or as cosmic rays.After a general review of astrophysical quark matter, the density-dominatedquark matter is focused.",arxiv,
89,89,Population synthesis in astrophysics,"S. B. Popov, M. E. Prokhorov",2004/11/30,"[{'@title': 'doi', '@href': 'http://dx.doi.org/10.1070/PU2007v050n11ABEH006179', '@rel': 'related'}, {'@href': 'http://arxiv.org/abs/astro-ph/0411792v1', '@rel': 'alternate', '@type': 'text/html'}, {'@title': 'pdf', '@href': 'http://arxiv.org/pdf/astro-ph/0411792v1', '@rel': 'related', '@type': 'application/pdf'}]",We briefly describe different astrophysical applications of a populationsynthesis method. In some details we discuss the population synthesis of closebinary systems and of isolated neutron stars.,arxiv,
90,90,High energy astrophysical processes,Todor Stanev,2005/04/18,"[{'@href': 'http://arxiv.org/abs/astro-ph/0504401v1', '@rel': 'alternate', '@type': 'text/html'}, {'@title': 'pdf', '@href': 'http://arxiv.org/pdf/astro-ph/0504401v1', '@rel': 'related', '@type': 'application/pdf'}]",We briefly review the high energy astrophysical processes that are related tothe production of high energy $\gamma$-ray and neutrino signals and are likelyto be important for the energy loss of high and ultrahigh energy cosmic rays.We also give examples for neutrino fluxes generated by different astrophysicalobjects and describe the cosmological link provided by cosmogenic neutrinos.,arxiv,
91,91,"TeV Astrophysics, A Review",Wei Cui,2006/08/02,"[{'@href': 'http://arxiv.org/abs/astro-ph/0608042v4', '@rel': 'alternate', '@type': 'text/html'}, {'@title': 'pdf', '@href': 'http://arxiv.org/pdf/astro-ph/0608042v4', '@rel': 'related', '@type': 'application/pdf'}]",In this paper I briefly review recent progress in the field of ground-basedgamma ray astrophysics.,arxiv,
92,92,Open questions with ultra-high energy cosmic rays,Pasquale Blasi,2006/10/31,"[{'@title': 'doi', '@href': 'http://dx.doi.org/10.1088/1742-6596/60/1/004', '@rel': 'related'}, {'@href': 'http://arxiv.org/abs/astro-ph/0610951v1', '@rel': 'alternate', '@type': 'text/html'}, {'@title': 'pdf', '@href': 'http://arxiv.org/pdf/astro-ph/0610951v1', '@rel': 'related', '@type': 'application/pdf'}]",We briefly discuss three aspects related to the origin of ultra-high energycosmic rays (UHECRs) namely: 1) particle acceleration in astrophysical sources;2) transition to an extragalactic origin; 3) spectrum and anisotropies at thehighest energies.,arxiv,
93,93,Best-Bet Astrophysical Neutrino Sources,Charles D. Dermer,2006/11/06,"[{'@title': 'doi', '@href': 'http://dx.doi.org/10.1088/1742-6596/60/1/002', '@rel': 'related'}, {'@href': 'http://arxiv.org/abs/astro-ph/0611191v1', '@rel': 'alternate', '@type': 'text/html'}, {'@title': 'pdf', '@href': 'http://arxiv.org/pdf/astro-ph/0611191v1', '@rel': 'related', '@type': 'application/pdf'}]","Likely astrophysical sources of detectable high-energy (>> TeV) neutrinos areconsidered. Based on gamma-ray emission properties, the most probable sourcesof neutrinos are argued to be GRBs, blazars, microquasars, and supernovaremnants. Diffuse neutrino sources are also briefly considered.",arxiv,
94,94,Cosmological and astrophysical aspects of finite-density QCD,Dominik J. Schwarz,1998/07/23,"[{'@title': 'doi', '@href': 'http://dx.doi.org/10.1016/S0375-9474(98)00534-X', '@rel': 'related'}, {'@href': 'http://arxiv.org/abs/hep-ph/9807473v1', '@rel': 'alternate', '@type': 'text/html'}, {'@title': 'pdf', '@href': 'http://arxiv.org/pdf/hep-ph/9807473v1', '@rel': 'related', '@type': 'application/pdf'}]",The different phases of QCD at finite temperature and density lead tointeresting effects in cosmology and astrophysics. In this work I review someaspects of the cosmological QCD transition and of astrophysics at high baryondensity.,arxiv,
95,95,Global Transmission Coefficients in Hauser-Feshbach Calculations for  Astrophysics,T. Rauscher,1998/02/09,"[{'@href': 'http://arxiv.org/abs/nucl-th/9802026v1', '@rel': 'alternate', '@type': 'text/html'}, {'@title': 'pdf', '@href': 'http://arxiv.org/pdf/nucl-th/9802026v1', '@rel': 'related', '@type': 'application/pdf'}]",The current status of optical potentials employed in the prediction ofthermonuclear reaction rates for astrophysics in the Hauser-Feshbach formalismis discussed. Special emphasis is put on $\alpha$+nucleus potentials. A novelapproach for the prediction of $\alpha$+nucleus potentials is proposed. Furtherexperimental efforts are motivated.,arxiv,
96,96,Astrophysical Rates for Explosive Nucleosynthesis: Stellar and  Laboratory Rates for Exotic Nuclei,T. Rauscher,2009/11/02,"[{'@title': 'doi', '@href': 'http://dx.doi.org/10.1016/j.nuclphysa.2010.01.110', '@rel': 'related'}, {'@href': 'http://arxiv.org/abs/0911.0262v1', '@rel': 'alternate', '@type': 'text/html'}, {'@title': 'pdf', '@href': 'http://arxiv.org/pdf/0911.0262v1', '@rel': 'related', '@type': 'application/pdf'}]",A selected overview of stellar effects and reaction mechanisms with relevanceto the prediction of astrophysical reaction rates far off stability isprovided.,arxiv,
97,97,Jets (relativistic and non) in astrophysics,Luigi Foschini,2010/03/22,"[{'@href': 'http://arxiv.org/abs/1003.4212v1', '@rel': 'alternate', '@type': 'text/html'}, {'@title': 'pdf', '@href': 'http://arxiv.org/pdf/1003.4212v1', '@rel': 'related', '@type': 'application/pdf'}]","Let's take stock of the situation on one of the most studied astrophysicalphenomena during the latest years: the jets escaping from protostars, stellarsingularities, GRB and active galactic nuclei.",arxiv,
98,98,Isolated neutron stars and studies of their interiors,S. B. Popov,2011/11/04,"[{'@title': 'doi', '@href': 'http://dx.doi.org/10.1134/S154747711207014X', '@rel': 'related'}, {'@href': 'http://arxiv.org/abs/1111.1158v1', '@rel': 'alternate', '@type': 'text/html'}, {'@title': 'pdf', '@href': 'http://arxiv.org/pdf/1111.1158v1', '@rel': 'related', '@type': 'application/pdf'}]","In these lectures presented at Baikal summer school on physics of elementaryparticles and astrophysics 2011, I present a wide view of neutron starastrophysics with special attention paid to young isolated compact objects andstudies of the properties of neutron star interiors using astronomical methods.",arxiv,
99,99,Sources of GeV Photons and the Fermi Results,Charles D. Dermer,2012/02/13,"[{'@href': 'http://arxiv.org/abs/1202.2814v1', '@rel': 'alternate', '@type': 'text/html'}, {'@title': 'pdf', '@href': 'http://arxiv.org/pdf/1202.2814v1', '@rel': 'related', '@type': 'application/pdf'}]","This is a pedagological review of some astrophysical highlights of the FermiGamma ray Observatory, including theoretical studies related mainly toextragalactic Fermi science.",arxiv,
